[{"creation_date":"2022-06-16T00:00:00.000Z","submission_date":"2022-06-18T17:48:10.391Z","producer":"Anget","user":"admin","desc":" ","type":0,"name":"RasBet","path":"/Users/angelicacunha/Desktop/UNI/RPCW/PROJETO_RPCW/routes/../public/uploads/admin/Captura_de_ecraÌ_2022-06-14,_aÌs_11.34.11.png","mimetype":"image/png","size":140157,"_id":"62ae01cacaec6f248948fbf8","comments":[]},{"creation_date":null,"submission_date":"2022-06-18T17:48:24.010Z","producer":"Professor JCR","user":"admin","desc":" ","type":0,"name":"T2","path":"/Users/angelicacunha/Desktop/UNI/RPCW/PROJETO_RPCW/routes/../public/uploads/admin/Captura_de_ecraÌ_2022-05-21,_aÌs_17.00.36.png","mimetype":"image/png","size":304491,"_id":"62ae01d8caec6f248948fbff","comments":[{"from":"admin","date":"2022-06-18T16:48:54.327Z","content":"Gostei","_id":"62ae01f6caec6f248948fc17","rating":"4"},{"from":"ana","date":"2022-06-19T13:13:07.337Z","content":"Bom ","_id":"62af20e35f8e1ef2c92befe6","rating":"3"},{"from":"prof","date":"2022-06-19T13:22:42.662Z","content":"Atualizado","_id":"62af2322f8419e8442063619"}]},{"creation_date":"2022-06-02","submission_date":"2022-06-18T18:53:20.807Z","producer":"PRH","user":"prof","desc":" ficha prática","type":"1","name":"Enunciado TP3","path":"/Users/angelicacunha/Desktop/UNI/RPCW/PROJETO_RPCW/routes/../public/uploads/prof/eg21tp3(1).pdf","mimetype":"application/pdf","size":167799,"_id":"62ae11102880dabdb3500e0b","comments":[{"from":"aluno","date":"2022-06-30T13:14:05.654Z","content":"Bom","_id":"62bda19de615b76ea7258af1","rating":"5"}]}]